<?xml version="1.0"?>
<doc>
    <assembly>
        <name>SharpSoundDevice</name>
    </assembly>
    <members>
        <member name="T:SharpSoundDevice.PortDirection">
            <summary>
            Indicates the direction of the port
            </summary>
        </member>
        <member name="T:SharpSoundDevice.DeviceType">
            <summary>
            Indicates the type of device.
            
            Generator = A device, e.g. a synthesizer, that generates sound without any input signal 
            	connected to it.
            Effect = an effects device that manipulates incoming audio, processes it and streams it
            	back out.
            Midi = A Midi effect that only listens to Midi input and generates Midi output.
            
            Note that DeviceType is really only needed to conform with current standards, like VST, 
            	as SharpSoundDevice allows for a device to do any or all of these things 
            	simultaneously.
            </summary>
        </member>
        <member name="T:SharpSoundDevice.EventType">
            <summary>
            The type of event that is being signaled.
            
            Parameter = A parameter has changed. Can be sent from Host to device to alert the device, 
            	but can also be sent from device to host when a parameter is edited via the device GUI.
            Midi = A midi event. Can be sent from host to device (e.g. Note/CC input) or from device to
            	host if the device is a midi plugin.
            ProgramChange = The program has changed. Can be sent from host to device to signal the
            	device to change presets, or from  device to host when the program is changed via the 
            	device GUI.
            WindowSize = Alert the host that the plugin is requesting the GUI window to be resized.
            	Needed because of compatibility with VST.
            </summary>
        </member>
        <member name="P:SharpSoundDevice.DeviceInfo.DeviceID">
            <summary>
            A unique ID for the device. The format is unspecified and device makers are encouraged
            to pick a good, unique ID, preferably one that contains the name of the device and the
            name of the author/manufacturer.
            </summary>
        </member>
        <member name="P:SharpSoundDevice.DeviceInfo.VstId">
            <summary>
            The Virtual Studio Technology (VST) ID. See Steinberg documentation for more details.
            You can use DeviceUtilities.GenerateIntegerId() to create a pseudo-random ID for your 
            device.
            </summary>
        </member>
        <member name="P:SharpSoundDevice.DeviceInfo.Name">
            <summary>
            The full name for the plugin.
            </summary>
        </member>
        <member name="P:SharpSoundDevice.DeviceInfo.Developer">
            <summary>
            The name of the device developer.
            </summary>
        </member>
        <member name="P:SharpSoundDevice.DeviceInfo.Version">
            <summary>
            A version number. Optional
            </summary>
        </member>
        <member name="P:SharpSoundDevice.DeviceInfo.Type">
            <summary>
            Indicates the type of device. See DeviceType enum.
            </summary>
        </member>
        <member name="P:SharpSoundDevice.DeviceInfo.ProgramCount">
            <summary>
            Indicates how many programs are in each program bank.
            </summary>
        </member>
        <member name="P:SharpSoundDevice.DeviceInfo.HasEditor">
            <summary>
            Indicates is the device has a custom editor (GUI).
            </summary>
        </member>
        <member name="P:SharpSoundDevice.DeviceInfo.EditorWidth">
            <summary>
            Indicates the width of the editor, in pixels.
            Needed for compatibility with VST standard, where the host is responsible for setting
            the correct size of the editor window
            </summary>
        </member>
        <member name="P:SharpSoundDevice.DeviceInfo.EditorHeight">
            <summary>
            Indicates the height of the editor, in pixels.
            Needed for compatibility with VST standard, where the host is responsible for setting
            the correct size of the editor window
            </summary>
        </member>
        <member name="T:SharpSoundDevice.Event">
            <summary>
            A structure that carrying event data from device-to-host, or host-to-device
            </summary>
        </member>
        <member name="P:SharpSoundDevice.Event.Type">
            <summary>
            Specifies the event type. See EventType enum.
            </summary>
        </member>
        <member name="P:SharpSoundDevice.Event.EventIndex">
            <summary>
            Specifies the event index. (Needs more documentation)
            </summary>
        </member>
        <member name="P:SharpSoundDevice.Event.Data">
            <summary>
            Contains the event data
            </summary>
        </member>
        <member name="T:SharpSoundDevice.HostInfo">
            <summary>
            Interface implemented by a plugin bridge or host to facilitate device-to-host communication.
            </summary>
        </member>
        <member name="M:SharpSoundDevice.HostInfo.SendEvent(SharpSoundDevice.IAudioDevice,SharpSoundDevice.Event)">
            <summary>
            Method used to send events from device to host.
            </summary>
            <param name="sender">The device that is sending the event.</param>
            <param name="ev">Event sent from device to host.</param>
        </member>
        <member name="P:SharpSoundDevice.HostInfo.BPM">
            <summary>
            Getter to query the host for current BPM (beats per minute)
            </summary>
        </member>
        <member name="P:SharpSoundDevice.HostInfo.SamplePosition">
            <summary>
            Getter to query the host for number of samples from start position.
            </summary>
        </member>
        <member name="P:SharpSoundDevice.HostInfo.SampleRate">
            <summary>
            Getter to query the host for the current sample rate
            </summary>
        </member>
        <member name="P:SharpSoundDevice.HostInfo.BlockSize">
            <summary>
            Getter to query the host for the current sample buffer size.
            </summary>
        </member>
        <member name="P:SharpSoundDevice.HostInfo.TimeSignatureNum">
            <summary>
            Getter to query the host for the current time signature numerator
            </summary>
        </member>
        <member name="P:SharpSoundDevice.HostInfo.TimeSignatureDen">
            <summary>
            Getter to query the host for the current time signature denominator
            </summary>
        </member>
        <member name="P:SharpSoundDevice.HostInfo.HostVendor">
            <summary>
            Getter to query the host for the host author/vendor/manufacturer
            </summary>
        </member>
        <member name="P:SharpSoundDevice.HostInfo.HostName">
            <summary>
            Getter to query the host for the host name (e.g. Cubase, Live...)
            </summary>
        </member>
        <member name="P:SharpSoundDevice.HostInfo.HostVersion">
            <summary>
            Getter to query the host for the host version.
            </summary>
        </member>
        <member name="T:SharpSoundDevice.IAudioDevice">
            <summary>
            The public interface that is implemented by an audio device.
            A host or plugin bridge will use this interface to communicate with the plugin.
            
            IMPORTANT: All classes implementing this interface MUST implement a no-argument constructor!
            </summary>
        </member>
        <member name="M:SharpSoundDevice.IAudioDevice.InitializeDevice">
            <summary>
            Called when a new device instance is created.
            </summary>
        </member>
        <member name="M:SharpSoundDevice.IAudioDevice.DisposeDevice">
            <summary>
            Called when the device is being disposed of (removed from the host).
            </summary>
        </member>
        <member name="M:SharpSoundDevice.IAudioDevice.Start">
            <summary>
            Called before processing starts.
            </summary>
        </member>
        <member name="M:SharpSoundDevice.IAudioDevice.Stop">
            <summary>
            Called after processing stops.
            </summary>
        </member>
        <member name="M:SharpSoundDevice.IAudioDevice.SendEvent(SharpSoundDevice.Event)">
            <summary>
            Method called by the host to send events to the device.
            </summary>
            <param name="ev">The event to pass into the device</param>
        </member>
        <member name="M:SharpSoundDevice.IAudioDevice.ProcessSample(System.Double[][],System.Double[][],System.UInt32)">
            <summary>
            The main processing loop
            </summary>
            <param name="input">
            input signal. 
            Array of arrays, size double[numberOfInputs][bufferSize]
            </param>
            <param name="output">
            Output signal. 
            Array of arrays, size double[numberOfOutputs][bufferSize]
            </param>
            <param name="bufferSize">the number of samples in the buffers</param>
        </member>
        <member name="M:SharpSoundDevice.IAudioDevice.OpenEditor(System.IntPtr)">
            <summary>
            Called by the host when the device editor should be displayed.
            </summary>
            <param name="parentWindow">
            IntPtr indicating the parent window to dock the editor. Used because of VST 
            compatibility.
            
            You can use Interop.DockWpfWindow() to dock a WPF window inside the parent window
            or Interop.DockWinFormsPanel() to dock a WinForms panel inside the parent window.
            </param>
        </member>
        <member name="M:SharpSoundDevice.IAudioDevice.CloseEditor">
            <summary>
            Called by the host to close the device editor.
            </summary>
        </member>
        <member name="M:SharpSoundDevice.IAudioDevice.SetProgramData(SharpSoundDevice.Program,System.Int32)">
            <summary>
            Called by the host to set program or bank data
            </summary>
            <param name="program">The program to load</param>
            <param name="index">The index indicating where the program should be loaded</param>
        </member>
        <member name="M:SharpSoundDevice.IAudioDevice.GetProgramData(System.Int32)">
            <summary>
            Called by the host to get program data from the device.
            </summary>
            <param name="index">the index of the program to return</param>
            <returns></returns>
        </member>
        <member name="M:SharpSoundDevice.IAudioDevice.HostChanged">
            <summary>
            Called by the host when the host environment has changed (sample rate, buffer size, etc..)
            When called, the device should query the host for all properties it needs, via HostInfo
            </summary>
        </member>
        <member name="P:SharpSoundDevice.IAudioDevice.DeviceInfo">
            <summary>
            Struct containing information about the current device. See DeviceInfo.
            </summary>
        </member>
        <member name="P:SharpSoundDevice.IAudioDevice.ParameterInfo">
            <summary>
            An array of parameters implemented by the device.
            </summary>
        </member>
        <member name="P:SharpSoundDevice.IAudioDevice.PortInfo">
            <summary>
            An array of ports (audio inputs and outputs) implemented by the device.
            </summary>
        </member>
        <member name="P:SharpSoundDevice.IAudioDevice.CurrentProgram">
            <summary>
            Gives the index of the currently selected program.
            </summary>
        </member>
        <member name="P:SharpSoundDevice.IAudioDevice.HostInfo">
            <summary>
            An interface to allow the device to query the host for information. The host sets this
            as a reference to itself.
            </summary>
        </member>
        <member name="M:SharpSoundDevice.Interop.LoadAssembly(System.String,System.String)">
            <summary>
            Attempts to load a dll assembly with the specified name. Returns true if successful
            </summary>
            <param name="filename">the name of the dll file</param>
            <param name="searchPath">alternative path where the file might be located (other than current working directory)</param>
            <returns></returns>
        </member>
        <member name="M:SharpSoundDevice.Interop.GetManagedSamples(System.IntPtr,System.Int32,System.UInt32)">
            <summary>
            Copies data from double** into managed 2d array
            </summary>
            <param name="ptr"></param>
            <param name="InputPortCount"></param>
            <param name="bufferSize"></param>
            <returns></returns>
        </member>
        <member name="M:SharpSoundDevice.Interop.GetEmptyArrays(System.Int32,System.UInt32)">
            <summary>
            Creates an empty 2d managed array
            </summary>
            <param name="InputPortCount"></param>
            <param name="bufferSize"></param>
            <returns></returns>
        </member>
        <member name="M:SharpSoundDevice.Interop.CopyToUnmanaged(System.Double[][],System.IntPtr,System.Int32,System.UInt32)">
            <summary>
            Copies data from a managed 2d array into an unmanaged double**
            </summary>
            <param name="outp"></param>
            <param name="ptr"></param>
            <param name="OutputPortCount"></param>
            <param name="bufferSize"></param>
        </member>
        <member name="M:SharpSoundDevice.Interop.DockWpfWindow(System.Windows.Window,System.IntPtr)">
            <summary>
            Helper methods used to dock a Wpf window inside a Vst Window.
            All UI chrome is hidden away (borders, close/minimize/maximize buttons).
            </summary>
            <param name="WpfWindow"></param>
            <param name="vstWindow"></param>
        </member>
        <member name="T:SharpSoundDevice.Parameter">
            <summary>
            A class containing parameter info.
            </summary>
        </member>
        <member name="P:SharpSoundDevice.Parameter.Name">
            <summary>
            The name of the parameter.
            </summary>
        </member>
        <member name="P:SharpSoundDevice.Parameter.Index">
            <summary>
            The index of the parameter
            </summary>
        </member>
        <member name="P:SharpSoundDevice.Parameter.Steps">
            <summary>
            Indicates resolution / number of steps the parameter has.
            Set to zero for infinite resolution.
            </summary>
        </member>
        <member name="P:SharpSoundDevice.Parameter.Value">
            <summary>
            The current value of the parameter.
            Must be between 0.0...1.0 (inclusive)
            </summary>
        </member>
        <member name="P:SharpSoundDevice.Parameter.Display">
            <summary>
            The formatted display value of the parameter
            </summary>
        </member>
        <member name="T:SharpSoundDevice.Port">
            <summary>
            A class containing port info.
            </summary>
        </member>
        <member name="P:SharpSoundDevice.Port.Name">
            <summary>
            The name of the port.
            </summary>
        </member>
        <member name="P:SharpSoundDevice.Port.Direction">
            <summary>
            The direction of the port (input/output). See PortDirection.
            </summary>
        </member>
        <member name="P:SharpSoundDevice.Port.NumberOfChannels">
            <summary>
            The number of channels the port has (1 = mono port, 2 = stereo port, etc...)
            </summary>
        </member>
        <member name="T:SharpSoundDevice.Program">
            <summary>
            A struct containing program data.
            </summary>
        </member>
        <member name="F:SharpSoundDevice.Program.Name">
            <summary>
            The name of the program
            </summary>
        </member>
        <member name="F:SharpSoundDevice.Program.Data">
            <summary>
            Program data. Format is specified by the device.
            </summary>
        </member>
        <member name="T:SharpSoundDevice.ProgramData">
            <summary>
            A class used to serialize and deserialize programs and banks in a common format.
            </summary>
        </member>
        <member name="M:SharpSoundDevice.DeviceUtilities.GenerateIntegerId(System.String)">
            <summary>
            Generates a 4-byte integer by hashing an input string and taking modulus.
            Useful to create VST Id that is unique to your plugin
            </summary>
            <param name="seedString">input string, e.g. plugin and developer name</param>
            <returns></returns>
        </member>
    </members>
</doc>
